,best_alpha_d1,best_alpha_d2,best_alpha_d3,best_alpha_d4,cross_val_PCA_d1,cross_val_PCA_d2,cross_val_PCA_d3,cross_val_PCA_d4,cross_val_d1,cross_val_d2,cross_val_d3,cross_val_d4,nest_cross_val_d1,nest_cross_val_d2,nest_cross_val_d3,nest_cross_val_d4,r2_d1,r2_d2,r2_d3,r2_d4,r^2_d1,sklearn_cv_d1,sklearn_cv_d2,sklearn_cv_d3,sklearn_cv_d4,sklearn_test_error_d1,sklearn_test_error_d2,sklearn_test_error_d3,sklearn_test_error_d4,test_error_d1,test_error_d2,test_error_d3,test_error_d4
0,0.01,0.01,0.01,0.01,0.18830012271333177,0.18816574497933553,0.40620595680021454,0.4063564969527952,0.018370133063471905,0.018338484706274548,0.39138483468676777,0.39147774628585186,0.018359614928424008,0.01834205036802573,0.3912851052182452,0.391075386405101,0.5987346510820225,0.5804758721580648,0.6124436751419302,0.6240578300669404,0.5747801836330938,0.3910958096375277,0.01762421771692691,0.017595745912337604,0.39134688010255897,0.01719751851032016,0.01812410335127753,0.38434687863422595,0.3951814753896988,0.019306814754807333,0.01799507166058126,0.37106860215075366,0.3549681606308306
