,best_alpha_d1,best_alpha_d2,best_alpha_d3,best_alpha_d4,cross_val_PCA_d1,cross_val_PCA_d2,cross_val_PCA_d3,cross_val_PCA_d4,cross_val_d1,cross_val_d2,cross_val_d3,cross_val_d4,nest_cross_val_d1,nest_cross_val_d2,nest_cross_val_d3,nest_cross_val_d4,r2_d1,r2_d2,r2_d3,r2_d4,sklearn_cv_d1,sklearn_cv_d2,sklearn_cv_d3,sklearn_cv_d4,sklearn_test_error_d1,sklearn_test_error_d2,sklearn_test_error_d3,sklearn_test_error_d4,test_error_d1,test_error_d2,test_error_d3,test_error_d4
0,0.76,0.01,0.01,0.01,0.1556,0.1556,0.4568,0.4558,0.0144,0.0144,0.3583,0.3573,0.0144,0.0144,0.3583,0.3573,0.638531263158671,0.6402091074306713,0.6241599534990472,0.6397800054870917,0.0144,0.0144,0.3583,0.3573,0.01488677510083329,0.014249023447478625,0.3709172289169741,0.37500449312374945,0.014267117685820452,0.014461673828552252,0.3704031525417016,0.3559349516242793
