,best_alpha_d1,best_alpha_d2,best_alpha_d3,best_alpha_d4,cross_val_PCA_d1,cross_val_PCA_d2,cross_val_PCA_d3,cross_val_PCA_d4,cross_val_d1,cross_val_d2,cross_val_d3,cross_val_d4,nest_cross_val_d1,nest_cross_val_d2,nest_cross_val_d3,nest_cross_val_d4,r2_d1,r2_d2,r2_d3,r2_d4,sklearn_cv_d1,sklearn_cv_d2,sklearn_cv_d3,sklearn_cv_d4,sklearn_test_error_d1,sklearn_test_error_d2,sklearn_test_error_d3,sklearn_test_error_d4,test_error_d1,test_error_d2,test_error_d3,test_error_d4
0,0.01,0.01,30.930000000000003,7.02,0.15371429579353707,0.15364948522520533,0.38914143987414535,0.3883879827421194,0.014808362436251693,0.014755529206085216,0.36786183039635845,0.36690977400054814,0.014812092878296181,0.014757925527494359,0.3679221621322103,0.36678395956275633,0.6532217101086402,0.6497714399245498,0.6272691957162917,0.6252689841390611,0.014811564173540969,0.014767035828035208,0.36818594577882147,0.36695802864038335,0.01446171352803433,0.014283216936438343,0.3732173694321815,0.3508607266081341,0.013770355803008682,0.014275115651809004,0.36800742711137374,0.370420480208566
