,best_alpha_d1,best_alpha_d2,best_alpha_d3,best_alpha_d4,cross_val_PCA_d1,cross_val_PCA_d2,cross_val_PCA_d3,cross_val_PCA_d4,cross_val_d1,cross_val_d2,cross_val_d3,cross_val_d4,nest_cross_val_d1,nest_cross_val_d2,nest_cross_val_d3,nest_cross_val_d4,r2_d1,r2_d2,r2_d3,r2_d4,sklearn_cv_d1,sklearn_cv_d2,sklearn_cv_d3,sklearn_cv_d4,sklearn_test_error_d1,sklearn_test_error_d2,sklearn_test_error_d3,sklearn_test_error_d4,test_error_d1,test_error_d2,test_error_d3,test_error_d4
0,1.4199999999999997,0.01,0.01,20.0,0.15182979302599567,0.15179321647134708,0.40887414687789014,0.4084843291926248,0.01664078504532071,0.016597828110737855,0.3875263397952238,0.3867718613750838,0.016638746385184706,0.016589539547808632,0.3874589895486924,0.3869281635605315,0.5865411097976356,0.5676136496738562,0.6179211811950823,0.6086978226123892,0.015602339665138996,0.015582951716812444,0.3875654493530127,0.38672950959218716,0.015203181130124994,0.015286615252805419,0.37956724497767,0.3917701848742362,0.01673818362672188,0.0177426562423284,0.3951364081934158,0.40138611764261767
