,best_alpha_d1,best_alpha_d2,best_alpha_d3,best_alpha_d4,cross_val_PCA_d1,cross_val_PCA_d2,cross_val_PCA_d3,cross_val_PCA_d4,cross_val_d1,cross_val_d2,cross_val_d3,cross_val_d4,nest_cross_val_d1,nest_cross_val_d2,nest_cross_val_d3,nest_cross_val_d4,r2_d1,r2_d2,r2_d3,r2_d4,sklearn_cv_d1,sklearn_cv_d2,sklearn_cv_d3,sklearn_cv_d4,sklearn_test_error_d1,sklearn_test_error_d2,sklearn_test_error_d3,sklearn_test_error_d4,test_error_d1,test_error_d2,test_error_d3,test_error_d4
0,0.37,0.4,0.01,0.01,0.1537,0.1536,0.3886,0.3885,0.0148,0.0148,0.3673,0.3671,0.0148,0.0148,0.3673,0.3671,0.6352746418312586,0.6366737671673796,0.6292659183171433,0.6248831137283598,0.0148,0.0148,0.3673,0.3671,0.015541842708131347,0.014473446227138545,0.37381553268649104,0.3774510379248986,0.014384920484861655,0.015110059467816723,0.36815730427083015,0.37131968388586556
