,best_alpha_d1,best_alpha_d2,best_alpha_d3,best_alpha_d4,cross_val_PCA_d1,cross_val_PCA_d2,cross_val_PCA_d3,cross_val_PCA_d4,cross_val_d1,cross_val_d2,cross_val_d3,cross_val_d4,nest_cross_val_d1,nest_cross_val_d2,nest_cross_val_d3,nest_cross_val_d4,r2_d1,r2_d2,r2_d3,r2_d4,sklearn_cv_d1,sklearn_cv_d2,sklearn_cv_d3,sklearn_cv_d4,sklearn_test_error_d1,sklearn_test_error_d2,sklearn_test_error_d3,sklearn_test_error_d4,test_error_d1,test_error_d2,test_error_d3,test_error_d4
0,0.45999999999999996,0.48999999999999994,0.01,12.859999999999998,0.1518139812267475,0.15183427309111747,0.4087233245752736,0.4085479357865184,0.016632889483878026,0.01659286935185067,0.3871771733526721,0.3867622346811208,0.01662140453861888,0.016592056087344986,0.387165194337639,0.38684887593658857,0.5975409670709682,0.579658785193653,0.6147844262859492,0.6109233207637202,0.015586116047237133,0.01557675339942945,0.3871201315181426,0.38712567616195,0.015537585937364701,0.01609051557259086,0.39300589271537106,0.37415321508690425,0.016323378679164394,0.017516859912434072,0.39015445037423585,0.3894483849111989
