,best_alpha_d1,best_alpha_d2,best_alpha_d3,best_alpha_d4,cross_val_PCA_d1,cross_val_PCA_d2,cross_val_PCA_d3,cross_val_PCA_d4,cross_val_d1,cross_val_d2,cross_val_d3,cross_val_d4,nest_cross_val_d1,nest_cross_val_d2,nest_cross_val_d3,nest_cross_val_d4,r2_d1,r2_d2,r2_d3,r2_d4,sklearn_cv_d1,sklearn_cv_d2,sklearn_cv_d3,sklearn_cv_d4,sklearn_test_error_d1,sklearn_test_error_d2,sklearn_test_error_d3,sklearn_test_error_d4,test_error_d1,test_error_d2,test_error_d3,test_error_d4
0,0.01,0.35999999999999993,20.0,0.01,0.18896971628171186,0.18890138218285485,0.4141362636280929,0.4141443697961833,0.019172969726711214,0.019157965395478312,0.3895089967043089,0.38935144860097204,0.01917613123980993,0.019147031500400424,0.38979788923121006,0.3893025468681264,0.580458979103834,0.5554983825911879,0.605568783227783,0.6207769414418722,0.3989110362871207,0.017739635212572782,0.01772479100964878,0.3895576695531034,0.01655068989094977,0.017810885889572806,0.3912720439896879,0.38211041152980185,0.018764409130923723,0.02011581709947245,0.402117022485529,0.38576674488418694
