,best_alpha_d1,best_alpha_d2,best_alpha_d3,best_alpha_d4,cross_val_PCA_d1,cross_val_PCA_d2,cross_val_PCA_d3,cross_val_PCA_d4,cross_val_d1,cross_val_d2,cross_val_d3,cross_val_d4,nest_cross_val_d1,nest_cross_val_d2,nest_cross_val_d3,nest_cross_val_d4,r2_d1,r2_d2,r2_d3,r2_d4,sklearn_cv_d1,sklearn_cv_d2,sklearn_cv_d3,sklearn_cv_d4,sklearn_test_error_d1,sklearn_test_error_d2,sklearn_test_error_d3,sklearn_test_error_d4,test_error_d1,test_error_d2,test_error_d3,test_error_d4
0,0.87,0.01,37.96,25.060000000000002,0.15368784855299703,0.15370062891035052,0.3889262703208739,0.3889886642688175,0.014799657016125012,0.014805252568303512,0.36779083010933966,0.3682017785567782,0.014805233327541268,0.01481161183812619,0.3678707904900267,0.3679498099377866,0.6389345570434031,0.6359298549605328,0.6282425326886635,0.6322428197659802,0.016810951406461036,0.016810951406461036,0.41750368063018983,0.41750368063018983,0.014907693425999652,0.014341480568591103,0.38452306160966354,0.36095661792670125,0.015111161807511351,0.01389936943992286,0.37462371278901746,0.3659981114576295
