,best_alpha_d1,best_alpha_d2,best_alpha_d3,best_alpha_d4,cross_val_PCA_d1,cross_val_PCA_d2,cross_val_PCA_d3,cross_val_PCA_d4,cross_val_d1,cross_val_d2,cross_val_d3,cross_val_d4,nest_cross_val_d1,nest_cross_val_d2,nest_cross_val_d3,nest_cross_val_d4,r2_d1,r2_d2,r2_d3,r2_d4,sklearn_cv_d1,sklearn_cv_d2,sklearn_cv_d3,sklearn_cv_d4,sklearn_test_error_d1,sklearn_test_error_d2,sklearn_test_error_d3,sklearn_test_error_d4,test_error_d1,test_error_d2,test_error_d3,test_error_d4
0,0.01,0.61,0.01,13.13,0.1556,0.1556,0.4563,0.4508,0.0144,0.0144,0.3584,0.3577,0.0144,0.0144,0.3584,0.3577,0.6465635738731825,0.640140652532144,0.6464469775168373,0.6464469775168373,0.0144,0.0144,0.3584,0.3577,0.014249956314975507,0.014340189404275661,0.3541220642310841,0.356458281899619,0.014246410656881993,0.014356588450686896,0.3540655369822795,0.3540655369822795
