,best_alpha_d1,best_alpha_d2,best_alpha_d3,best_alpha_d4,cross_val_PCA_d1,cross_val_PCA_d2,cross_val_PCA_d3,cross_val_PCA_d4,cross_val_d1,cross_val_d2,cross_val_d3,cross_val_d4,nest_cross_val_d1,nest_cross_val_d2,nest_cross_val_d3,nest_cross_val_d4,r2_d1,r2_d2,r2_d3,r2_d4,sklearn_cv_d1,sklearn_cv_d2,sklearn_cv_d3,sklearn_cv_d4,sklearn_test_error_d1,sklearn_test_error_d2,sklearn_test_error_d3,sklearn_test_error_d4,test_error_d1,test_error_d2,test_error_d3,test_error_d4
0,2.2199999999999998,0.04,0.01,23.6,0.1536899239722782,0.15364336525276875,0.38862164994865855,0.3886813765881819,0.014799774457334335,0.014756398577819177,0.36724568081400505,0.36711665269833305,0.01479274192215595,0.014769031371556727,0.36729394692193534,0.3670371141033887,0.6317334615587601,0.6180597615865128,0.6443096193783682,0.6453246736878967,0.016784614593075446,0.016729285567479178,0.4168480863970182,0.4156660922478735,0.014468243126233163,0.014375195617205612,0.3598216704854586,0.35653508805695583,0.015345000811743932,0.015433731468535685,0.34918794155106947,0.3522805194933019
